[{
  "clientID":"FRA5000199",
  "clientName":"High Country Pizza",
  "parentGroup":"",
  "contact":"holly@gmail.com"
},{
  "clientID":"FRA5000198",
  "clientName":"Uno's Pizza",
  "parentGroup":"",
  "contact":"421-555-5555"
},{
  "clientID":"FRA5000183",
  "clientName":"Fredricks",
  "parentGroup":"",
  "contact":"View"
},{
  "clientID":"FRA5000139",
  "clientName":"Domino's",
  "parentGroup":"",
  "contact":"View"
},{
  "clientID":"FRA5000197",
  "clientName":"Carty's Pizza Shopee",
  "parentGroup":"",
  "contact":"View"
}]